"MOLECULE","Prediction"
"ACT15_M_578",3.8364706417
"ACT15_M_589",4.0145677857
"ACT15_M_727",6.9086941607
"ACT15_M_734",3.7759450833
"ACT15_M_958",3.7550302500
"ACT15_M_963",6.8582812500
"ACT15_M_1531",5.1345356583
"ACT15_M_1532",5.2919234000
"ACT15_M_1533",4.3625017750
"ACT15_M_1534",7.0079435893
"ACT15_M_1555",4.3972094393
"ACT15_M_1556",7.6661762500
"ACT15_M_1593",4.7523241458
"ACT15_M_1595",8.1163226750
"ACT15_M_1596",8.2081992500
"ACT15_M_1597",6.0451772542
"ACT15_M_1656",7.7181745000
"ACT15_M_1657",8.5272172542
"ACT15_M_2235",5.7589991667
"ACT15_M_3143",3.5938541667
"ACT15_M_12185",7.8760543750
"ACT15_M_15585",8.2313416161
"ACT15_M_15586",8.2165392202
"ACT15_M_15587",8.0994556667
"ACT15_M_15588",8.4017807708
"ACT15_M_15589",8.4512757411
"ACT15_M_15590",7.4817412125
"ACT15_M_15591",8.5868528021
"ACT15_M_15592",7.4750876250
"ACT15_M_15593",7.7314387929
"ACT15_M_15594",5.9353343958
"ACT15_M_15595",8.8180943250
"ACT15_M_15596",6.2923553750
"ACT15_M_15597",9.7154555500
"ACT15_M_15598",7.3000120000
"ACT15_M_15599",6.4826907917
"ACT15_M_15600",5.9366010000
"ACT15_M_15601",7.5742618333
"ACT15_M_15602",6.2686000083
"ACT15_M_15603",6.7085830000
"ACT15_M_15604",4.3145600208
"ACT15_M_15605",4.6446215417
"ACT15_M_15606",4.2548745833
"ACT15_M_15607",5.1292182917
"ACT15_M_15608",6.7842343167
"ACT15_M_15609",5.1292182917
"ACT15_M_15610",8.3020266810
"ACT15_M_15611",5.3307933750
"ACT15_M_15612",6.4499732167
"ACT15_M_15613",6.9547962292
"ACT15_M_15614",8.4361777083
"ACT15_M_15615",8.6419081667
"ACT15_M_15616",4.4483337500
"ACT15_M_15617",9.1081280833
"ACT15_M_15618",4.5662798000
"ACT15_M_15619",8.4262288417
"ACT15_M_15620",8.3550059452
"ACT15_M_15621",8.2604582125
"ACT15_M_15622",8.5363161875
"ACT15_M_15623",6.0785405625
"ACT15_M_15624",8.0134263750
"ACT15_M_15625",6.0785405625
"ACT15_M_15626",4.1718045000
"ACT15_M_15627",4.2526846667
"ACT15_M_15628",4.3348601875
"ACT15_M_15629",8.6036426976
"ACT15_M_15630",8.4464981167
"ACT15_M_15631",6.1310277500
"ACT15_M_15632",6.1310277500
"ACT15_M_15633",6.7498357095
"ACT15_M_15634",4.3756142500
"ACT15_M_15635",8.4123420417
"ACT15_M_15636",4.5105547500
"ACT15_M_15637",6.2100860208
"ACT15_M_15638",6.9297837917
"ACT15_M_15639",5.5527003708
"ACT15_M_15640",5.5527003708
"ACT15_M_15641",8.9798410417
"ACT15_M_15642",5.8361893500
"ACT15_M_15643",4.4557185000
"ACT15_M_15644",7.6766706875
"ACT15_M_15645",6.6881450375
"ACT15_M_15646",7.1409134417
"ACT15_M_15647",5.0577325931
"ACT15_M_15648",7.6470490937
"ACT15_M_15649",7.9551879167
"ACT15_M_15650",6.7409068166
"ACT15_M_15651",6.8606010875
"ACT15_M_15652",4.6730547417
"ACT15_M_15653",5.9819457500
"ACT15_M_15654",7.8726677083
"ACT15_M_15655",7.8726677083
"ACT15_M_15656",7.8394897500
"ACT15_M_15657",7.4983582917
"ACT15_M_15658",7.8591783750
"ACT15_M_15659",7.5824571542
"ACT15_M_15660",7.8176247583
"ACT15_M_15661",7.4341822500
"ACT15_M_15662",7.8929390833
"ACT15_M_15663",7.4205956708
"ACT15_M_15664",7.8391235833
"ACT15_M_15665",7.8391235833
"ACT15_M_15666",7.3661095208
"ACT15_M_15667",7.6887053500
"ACT15_M_15668",7.8482877812
"ACT15_M_15669",7.2735417083
"ACT15_M_15670",8.1173624917
"ACT15_M_15671",8.1623349375
"ACT15_M_15672",8.1623349375
"ACT15_M_15673",8.2554553208
"ACT15_M_15674",4.2084962833
"ACT15_M_15675",4.3448454979
"ACT15_M_15676",4.1756533125
"ACT15_M_15677",7.9526932500
"ACT15_M_15678",5.6651777083
"ACT15_M_15679",5.6651777083
"ACT15_M_15680",4.1736936667
"ACT15_M_15681",4.1716488292
"ACT15_M_15682",5.6651777083
"ACT15_M_15683",5.6651777083
"ACT15_M_15684",4.1494330000
"ACT15_M_15685",7.2280741125
"ACT15_M_15686",8.5384250167
"ACT15_M_15687",5.2180725833
"ACT15_M_15688",5.2180725833
"ACT15_M_15689",9.0407795000
"ACT15_M_15690",8.4658632250
"ACT15_M_15691",6.7193670625
"ACT15_M_15692",8.2696657810
"ACT15_M_15693",4.3932113333
"ACT15_M_15694",6.8080061667
"ACT15_M_15695",6.5759532083
"ACT15_M_15696",5.5783563333
"ACT15_M_15697",8.3002490173
"ACT15_M_15698",7.5369422792
"ACT15_M_15699",5.5527003708
"ACT15_M_15700",6.1310277500
"ACT15_M_15701",6.1310277500
"ACT15_M_15702",4.2420495833
"ACT15_M_15703",7.8345466696
"ACT15_M_15704",7.3752467083
"ACT15_M_15705",8.3272273333
"ACT15_M_15706",8.0396425000
"ACT15_M_15707",4.2913310327
"ACT15_M_15708",6.9939997500
"ACT15_M_15709",6.4087982542
"ACT15_M_15710",5.5165338854
"ACT15_M_15711",5.5165338854
"ACT15_M_15712",7.7372382500
"ACT15_M_15713",7.1922449792
"ACT15_M_15714",6.1964706500
"ACT15_M_15715",8.1836153333
"ACT15_M_15716",7.8853949833
"ACT15_M_15717",6.2130171958
"ACT15_M_15718",4.0200747083
"ACT15_M_15719",7.3113691667
"ACT15_M_15720",6.1036506512
"ACT15_M_15721",7.9228291667
"ACT15_M_15722",6.7374644583
"ACT15_M_15723",6.7498357095
"ACT15_M_15724",6.7498357095
"ACT15_M_15725",6.7702112917
"ACT15_M_15726",7.2195585208
"ACT15_M_15727",5.8361893500
"ACT15_M_15728",7.5175526458
"ACT15_M_15729",4.2121078637
"ACT15_M_15730",4.6607779000
"ACT15_M_15731",8.4273325893
"ACT15_M_15732",3.6739929167
"ACT15_M_15733",3.6660826250
"ACT15_M_15734",3.5816564375
"ACT15_M_15735",9.4895272500
"ACT15_M_15736",6.1666335583
"ACT15_M_15737",4.4531520000
"ACT15_M_15738",6.5261352708
"ACT15_M_15739",7.9719977917
"ACT15_M_15740",8.6052405833
"ACT15_M_15741",5.5678876917
"ACT15_M_15742",5.3719146679
"ACT15_M_15743",4.8556318889
"ACT15_M_15744",6.1831425000
"ACT15_M_15745",7.4884275000
"ACT15_M_15746",6.1881188542
"ACT15_M_15747",5.0495611131
"ACT15_M_15748",4.4895155550
"ACT15_M_15749",5.9446346917
"ACT15_M_15750",6.8550775214
"ACT15_M_15751",5.5165338854
"ACT15_M_15752",7.5983599833
"ACT15_M_15753",7.0908188750
"ACT15_M_15754",6.1964706500
"ACT15_M_15755",6.5843715208
"ACT15_M_15756",7.3038286250
"ACT15_M_15757",8.5338261226
"ACT15_M_15758",5.9529638917
"ACT15_M_15759",7.5134863750
"ACT15_M_15760",4.3802609015
"ACT15_M_15761",6.5290458125
"ACT15_M_15762",5.7895265250
"ACT15_M_15763",5.0980737500
"ACT15_M_15764",7.3657715417
"ACT15_M_15765",5.6916916476
"ACT15_M_15766",5.5743650250
"ACT15_M_15767",6.2719623417
"ACT15_M_15768",6.6631856667
"ACT15_M_15769",8.7947122500
"ACT15_M_15770",6.6226495833
"ACT15_M_15771",7.2164470208
"ACT15_M_15772",6.0605362458
"ACT15_M_15773",7.0541601875
"ACT15_M_15774",5.1471967768
"ACT15_M_15775",5.3392470000
"ACT15_M_15776",4.5092152819
"ACT15_M_15777",4.8183624458
"ACT15_M_15778",4.3393480560
"ACT15_M_15779",6.0442177583
"ACT15_M_15780",5.2301523222
"ACT15_M_15781",4.4173105000
"ACT15_M_15782",4.2585059556
"ACT15_M_15783",7.6232548792
"ACT15_M_15784",6.9710400083
"ACT15_M_15785",5.6851755750
"ACT15_M_15786",5.4901301250
"ACT15_M_15787",6.7769784940
"ACT15_M_15788",7.5972707667
"ACT15_M_15789",8.6424962833
"ACT15_M_15790",8.1316990387
"ACT15_M_15791",5.6606928125
"ACT15_M_15792",6.1721798583
"ACT15_M_15793",6.1255056833
"ACT15_M_15794",6.1812181917
"ACT15_M_15795",5.7320412271
"ACT15_M_15796",4.5400941214
"ACT15_M_15797",5.7785602857
"ACT15_M_15798",7.8760850000
"ACT15_M_15799",7.8760850000
"ACT15_M_15800",8.0113212292
"ACT15_M_15801",8.0113212292
"ACT15_M_15802",6.7494958333
"ACT15_M_15803",4.4666418421
"ACT15_M_15804",5.0810277500
"ACT15_M_15805",7.0844127250
"ACT15_M_15806",7.0844127250
"ACT15_M_15807",7.3121758375
"ACT15_M_15808",4.4797896310
"ACT15_M_15809",6.7796618333
"ACT15_M_15810",4.3830895556
"ACT15_M_15811",7.4013117500
"ACT15_M_15812",7.9870847083
"ACT15_M_15813",5.0767722250
"ACT15_M_15814",3.6759117167
"ACT15_M_15815",8.7676668750
"ACT15_M_15816",4.5420001726
"ACT15_M_15817",6.5991699583
"ACT15_M_15818",8.2144574167
"ACT15_M_15819",7.3167065345
"ACT15_M_15820",8.9123613250
"ACT15_M_15821",5.1593223750
"ACT15_M_15822",5.2733465250
"ACT15_M_15823",6.0775998750
"ACT15_M_15824",4.5893032917
"ACT15_M_15825",4.5197197500
"ACT15_M_15826",6.8548555393
"ACT15_M_15827",5.2179661500
"ACT15_M_15828",6.5937348750
"ACT15_M_15829",5.2942586250
"ACT15_M_15830",6.1973286190
"ACT15_M_15831",6.2785881792
"ACT15_M_15832",6.2141670167
"ACT15_M_15833",4.6010824792
"ACT15_M_15834",7.8384775000
"ACT15_M_15835",3.4871365833
"ACT15_M_15836",4.3798090000
"ACT15_M_15837",6.9297143333
"ACT15_M_15838",6.9297143333
"ACT15_M_15839",4.2013463310
"ACT15_M_15840",4.0793997500
"ACT15_M_15841",4.8825995681
"ACT15_M_15842",7.4375484792
"ACT15_M_15843",4.7865888500
"ACT15_M_15844",4.3876745694
"ACT15_M_15845",5.2493004833
"ACT15_M_15846",6.2963962208
"ACT15_M_15847",6.2603384310
"ACT15_M_15848",4.5331386500
"ACT15_M_15849",4.9269652500
"ACT15_M_15850",4.9342488125
"ACT15_M_15851",4.1771943750
"ACT15_M_15852",4.1033103333
"ACT15_M_15853",5.7535781190
"ACT15_M_15854",6.7314229792
"ACT15_M_15855",6.7483027000
"ACT15_M_15856",7.2393663333
"ACT15_M_15857",7.2393663333
"ACT15_M_15858",4.3876745694
"ACT15_M_15859",5.0363420972
"ACT15_M_15860",4.1087428333
"ACT15_M_15861",5.5003548167
"ACT15_M_15862",4.5671869167
"ACT15_M_15863",4.0899771875
"ACT15_M_15864",4.3549310000
"ACT15_M_15865",4.3549310000
"ACT15_M_15866",5.2517931958
"ACT15_M_15867",4.4124997667
"ACT15_M_15868",4.0930448333
"ACT15_M_15869",4.2658451458
"ACT15_M_15870",4.3653825833
"ACT15_M_15871",9.0733308417
"ACT15_M_15872",4.1930227333
"ACT15_M_15873",5.2832611500
"ACT15_M_15874",4.3260088333
"ACT15_M_15875",3.8536000417
"ACT15_M_15876",4.3329261250
"ACT15_M_15877",4.3614957768
"ACT15_M_15878",6.3343340208
"ACT15_M_15879",8.9525514000
"ACT15_M_15880",9.7002531250
"ACT15_M_15881",6.3775526458
"ACT15_M_15882",4.1893026875
"ACT15_M_15883",4.7768512500
"ACT15_M_15884",6.8002299167
"ACT15_M_15885",4.5808629250
"ACT15_M_15886",5.2832611500
"ACT15_M_15887",5.2517931958
"ACT15_M_15888",5.3113357208
"ACT15_M_15889",5.4026562083
"ACT15_M_15890",7.8011731250
"ACT15_M_15891",6.0442177583
"ACT15_M_15892",6.0631994000
"ACT15_M_15893",7.8556468125
"ACT15_M_15894",7.8908402708
"ACT15_M_15895",8.3515802500
"ACT15_M_15896",8.0048575625
"ACT15_M_15897",5.4951264208
"ACT15_M_15898",6.7917484458
"ACT15_M_15899",3.8633726167
"ACT15_M_15900",4.9603752222
"ACT15_M_15901",8.5767836875
"ACT15_M_15902",4.1738098917
"ACT15_M_15903",5.7646630875
"ACT15_M_15904",4.6503076875
"ACT15_M_15905",8.8836547083
"ACT15_M_15906",8.8048015250
"ACT15_M_15907",8.1429667083
"ACT15_M_15908",8.1429667083
"ACT15_M_15909",6.6293452917
"ACT15_M_15910",6.9374743250
"ACT15_M_15911",4.2849110000
"ACT15_M_15912",9.4646720833
"ACT15_M_15913",6.6177695000
"ACT15_M_15914",9.5116744125
"ACT15_M_15915",6.4012383208
"ACT15_M_15916",4.9472611250
"ACT15_M_15917",9.3999232500
"ACT15_M_15918",9.3999232500
"ACT15_M_15919",7.8791786875
"ACT15_M_15920",4.8071039375
"ACT15_M_15921",7.8717969583
"ACT15_M_15922",7.8717969583
"ACT15_M_15923",4.5700840000
"ACT15_M_15924",6.7577684167
"ACT15_M_15925",5.4150555750
"ACT15_M_15926",7.6182476875
"ACT15_M_15927",7.6182476875
"ACT15_M_15928",5.9197637125
"ACT15_M_15929",4.4088142833
"ACT15_M_15930",7.3868972083
"ACT15_M_15931",6.0533316250
"ACT15_M_15932",5.6471461958
"ACT15_M_15933",7.2534186875
"ACT15_M_15934",6.6327254417
"ACT15_M_15935",5.1107494250
"ACT15_M_15936",4.9891180000
"ACT15_M_15937",6.3084326792
"ACT15_M_15938",4.9840567500
"ACT15_M_15939",3.5683056667
"ACT15_M_15940",8.6092799688
"ACT15_M_15941",5.9005676292
"ACT15_M_15942",7.9627326845
"ACT15_M_15943",7.6214638125
"ACT15_M_15944",6.3834379750
"ACT15_M_15945",4.6222631250
"ACT15_M_15946",4.3180322131
"ACT15_M_15947",5.4356570417
"ACT15_M_15948",7.9815797488
"ACT15_M_15949",8.3637900833
"ACT15_M_15950",6.4177753333
"ACT15_M_15951",6.7671582292
"ACT15_M_15952",7.6571525833
"ACT15_M_15953",7.7993611667
"ACT15_M_15954",4.4584120833
"ACT15_M_15955",4.3160942167
"ACT15_M_15956",4.3772559583
"ACT15_M_15957",4.9460932708
"ACT15_M_15958",5.6327469250
"ACT15_M_15959",5.2387026250
"ACT15_M_15960",5.8368068625
"ACT15_M_15961",6.1981392083
"ACT15_M_15962",6.9291390458
"ACT15_M_15963",6.3589633250
"ACT15_M_15964",6.2764819583
"ACT15_M_15965",8.8969157143
"ACT15_M_15966",6.3554403208
"ACT15_M_15967",6.3554403208
"ACT15_M_15968",7.4842523333
"ACT15_M_15969",9.5827626083
"ACT15_M_15970",4.5905695000
"ACT15_M_15971",5.1845655000
"ACT15_M_15972",6.5952451750
"ACT15_M_15973",8.6772595250
"ACT15_M_15974",8.5052193958
"ACT15_M_15975",8.0807085797
"ACT15_M_15976",4.3797701129
"ACT15_M_15977",7.6121274137
"ACT15_M_15978",7.6121274137
"ACT15_M_15979",6.1745722125
"ACT15_M_15980",6.5573856667
"ACT15_M_15981",7.9409133845
"ACT15_M_15982",8.7795074583
"ACT15_M_15983",8.4565249167
"ACT15_M_15984",5.5744818250
"ACT15_M_15985",5.1686909222
"ACT15_M_15986",6.5885895500
"ACT15_M_15987",7.7450945833
"ACT15_M_15988",7.7450945833
"ACT15_M_15989",7.7450945833
"ACT15_M_15990",5.0973006222
"ACT15_M_15991",6.4466110417
"ACT15_M_15992",6.2520189851
"ACT15_M_15993",6.4667103464
"ACT15_M_15994",5.0439069014
"ACT15_M_15995",6.3226766125
"ACT15_M_15996",7.7993611667
"ACT15_M_15997",4.9116511000
"ACT15_M_15998",6.6922107500
"ACT15_M_15999",6.3170863333
"ACT15_M_16000",4.7672122500
"ACT15_M_16001",4.8422219583
"ACT15_M_16002",4.8905708222
"ACT15_M_16003",6.9534661964
"ACT15_M_16004",6.4523743958
"ACT15_M_16005",8.2730530292
"ACT15_M_16006",7.7283039732
"ACT15_M_16007",6.0903640833
"ACT15_M_16008",5.9883999583
"ACT15_M_16009",4.6217100181
"ACT15_M_16010",5.7277706292
"ACT15_M_16011",4.3900118333
"ACT15_M_16012",4.8525348214
"ACT15_M_16013",4.8525348214
"ACT15_M_16014",5.2929613958
"ACT15_M_16015",7.9888115083
"ACT15_M_16016",4.5238591042
"ACT15_M_16017",7.1844064333
"ACT15_M_16018",7.2673283375
"ACT15_M_16019",5.4021523750
"ACT15_M_16020",5.8871122167
"ACT15_M_16021",7.8196391405
"ACT15_M_16022",6.0024291667
"ACT15_M_16023",6.4736098292
"ACT15_M_16024",4.7135839583
"ACT15_M_16025",4.1936428542
"ACT15_M_16026",6.8576568333
"ACT15_M_16027",7.7094960000
"ACT15_M_16028",7.7094960000
"ACT15_M_16029",5.7245840083
"ACT15_M_16030",4.9838436500
"ACT15_M_16031",4.9838436500
"ACT15_M_16032",5.2803785250
"ACT15_M_16033",8.5052193958
"ACT15_M_16034",8.5052193958
"ACT15_M_16035",4.6534169839
"ACT15_M_16036",8.0114840833
"ACT15_M_16037",4.2933561944
"ACT15_M_16038",7.5617392500
"ACT15_M_16039",7.5617392500
"ACT15_M_16040",8.6250225417
"ACT15_M_16041",7.0598042500
"ACT15_M_16042",4.9874893292
"ACT15_M_16043",5.3685718250
"ACT15_M_16044",7.0057836167
"ACT15_M_16045",5.8451614000
"ACT15_M_16046",5.8716750000
"ACT15_M_16047",5.7926943750
"ACT15_M_16048",4.0859663833
"ACT15_M_16049",5.3100649208
"ACT15_M_16050",6.3052512750
"ACT15_M_16051",4.3227660000
"ACT15_M_16052",4.4019596667
"ACT15_M_16054",5.2662368625
"ACT15_M_16055",5.6682105500
"ACT15_M_16056",8.4631773083
"ACT15_M_16057",8.4631773083
"ACT15_M_16058",4.9036383125
"ACT15_M_16059",5.3721566875
"ACT15_M_16060",4.2779485000
"ACT15_M_16061",4.1903641250
"ACT15_M_16062",4.9756087917
"ACT15_M_16063",6.8666346167
"ACT15_M_16064",9.1151992250
"ACT15_M_16065",5.0062109833
"ACT15_M_16066",5.9101274625
"ACT15_M_16067",7.2027564583
"ACT15_M_16068",6.9289463750
"ACT15_M_16069",6.5699974250
"ACT15_M_16070",5.9089785667
"ACT15_M_16071",7.0750556667
"ACT15_M_16072",7.1643013042
"ACT15_M_16073",5.1254641250
"ACT15_M_16074",4.7178570000
"ACT15_M_16075",5.0832478750
"ACT15_M_16076",6.5699974250
"ACT15_M_16077",5.5358361250
"ACT15_M_16078",8.5499142500
"ACT15_M_16079",4.7692698500
"ACT15_M_16080",7.9768527083
"ACT15_M_16081",8.0590129792
"ACT15_M_16082",6.5542430250
"ACT15_M_16083",4.4504973417
"ACT15_M_16084",5.0811633929
"ACT15_M_16085",4.2506220833
"ACT15_M_16086",4.4007382917
"ACT15_M_16087",4.2635826250
"ACT15_M_16088",4.6328032500
"ACT15_M_16089",5.2176355000
"ACT15_M_16090",4.6871732500
"ACT15_M_16091",8.7267470833
"ACT15_M_16092",6.0085896875
"ACT15_M_16093",4.7599464002
"ACT15_M_16094",4.3911452500
"ACT15_M_16095",4.3304955000
"ACT15_M_16096",5.7507295250
"ACT15_M_16097",5.4491941125
"ACT15_M_16098",5.6610647333
"ACT15_M_16099",5.6818658958
"ACT15_M_16100",5.8100286083
"ACT15_M_16101",5.9174111750
"ACT15_M_16102",5.8157638333
"ACT15_M_16103",5.7617974500
"ACT15_M_16104",4.2503619018
"ACT15_M_16105",8.5938873708
"ACT15_M_16106",8.6261595625
"ACT15_M_16107",4.2986079167
"ACT15_M_16108",8.5100816042
"ACT15_M_16109",6.3009974250
"ACT15_M_16110",5.1678336056
"ACT15_M_16111",7.2057017292
"ACT15_M_16112",5.3020488750
"ACT15_M_16113",7.1476159708
"ACT15_M_16114",4.8839124417
"ACT15_M_16115",9.0201815625
"ACT15_M_16116",8.9378138250
"ACT15_M_16117",7.1614286833
"ACT15_M_16118",5.9322774417
"ACT15_M_16119",6.4331967833
"ACT15_M_16120",8.2109782619
"ACT15_M_16136",4.2968219944
"ACT15_M_16137",4.3592670000
"ACT15_M_16138",4.2278400000
"ACT15_M_16139",4.2278400000
"ACT15_M_16140",7.4023425417
"ACT15_M_16141",8.0799030000
"ACT15_M_16142",4.3236615833
"ACT15_M_16143",4.3526696250
"ACT15_M_16144",4.3051642500
"ACT15_M_16145",4.5608217500
"ACT15_M_16146",4.4070374167
"ACT15_M_16147",7.4048577583
"ACT15_M_16148",4.0738660000
"ACT15_M_16149",7.7581696875
"ACT15_M_16150",8.1865993125
"ACT15_M_16151",4.4672857500
"ACT15_M_16152",4.3288691250
"ACT15_M_16153",4.6824694792
"ACT15_M_16154",4.3741417708
"ACT15_M_16155",4.3814579167
"ACT15_M_16156",4.3054523333
"ACT15_M_16157",7.5656249583
"ACT15_M_16158",7.4552406833
"ACT15_M_16159",5.9322774417
"ACT15_M_16160",6.9100707292
"ACT15_M_16161",6.9100707292
"ACT15_M_16162",5.0348491250
"ACT15_M_16163",6.7371081833
"ACT15_M_16164",4.7142707500
"ACT15_M_16165",6.1507297750
"ACT15_M_16166",5.6534537083
"ACT15_M_16167",4.0916633464
"ACT15_M_16168",4.1325372381
"ACT15_M_16169",6.2766111917
"ACT15_M_16170",6.7240517083
"ACT15_M_16171",4.4540627500
"ACT15_M_16172",4.2958923875
"ACT15_M_16173",4.4371344167
"ACT15_M_16174",7.7023180833
"ACT15_M_16175",7.8177843750
"ACT15_M_16176",6.5782505292
"ACT15_M_16177",4.2750497083
"ACT15_M_16178",5.6569735542
"ACT15_M_16179",4.9500472500
"ACT15_M_16180",4.9826127500
"ACT15_M_16181",8.4707800625
"ACT15_M_16182",8.8833875637
"ACT15_M_16183",7.8581501607
"ACT15_M_16184",4.3048529518
"ACT15_M_16185",7.8778626833
"ACT15_M_16186",4.9718201083
"ACT15_M_16187",4.9718201083
"ACT15_M_16188",4.7799315250
"ACT15_M_16189",8.9853207250
"ACT15_M_16190",8.6413856042
"ACT15_M_16191",8.6226759125
"ACT15_M_16192",5.1370313250
"ACT15_M_16193",4.1018136071
"ACT15_M_16194",4.1645580417
"ACT15_M_16195",7.8097614792
"ACT15_M_16196",7.8097614792
"ACT15_M_16197",7.8097614792
"ACT15_M_16198",4.2604609250
"ACT15_M_16199",4.6356810417
"ACT15_M_16200",5.9412410625
"ACT15_M_16201",4.3415705000
"ACT15_M_16202",4.1864459167
"ACT15_M_16203",4.1864459167
"ACT15_M_16204",7.4403962500
"ACT15_M_16205",7.8237720833
"ACT15_M_16206",8.2139462500
"ACT15_M_16207",5.3060734083
"ACT15_M_16208",5.3060734083
"ACT15_M_16209",6.1934369958
"ACT15_M_16210",4.9883442500
"ACT15_M_16211",7.2970225208
"ACT15_M_16212",7.3349451875
"ACT15_M_16213",6.3813247750
"ACT15_M_16214",4.4319400000
"ACT15_M_16215",4.6452224000
"ACT15_M_16216",6.1456123833
"ACT15_M_16217",6.1456123833
"ACT15_M_16218",4.4775460000
"ACT15_M_16219",4.2154573750
"ACT15_M_16220",4.4620800000
"ACT15_M_16221",4.1820081500
"ACT15_M_16222",6.1507297750
"ACT15_M_16223",4.2780670000
"ACT15_M_16224",4.4809935607
"ACT15_M_16225",4.2671947500
"ACT15_M_16226",4.4043662500
"ACT15_M_16227",4.5557236500
"ACT15_M_16228",7.8473206667
"ACT15_M_16229",4.1804208750
"ACT15_M_16230",4.2167921333
"ACT15_M_16231",4.1706485190
"ACT15_M_16232",4.1513796250
"ACT15_M_16233",4.3050061958
"ACT15_M_16234",4.9602733806
"ACT15_M_16235",7.0215273458
"ACT15_M_16236",7.1780791542
"ACT15_M_16237",7.7498338125
"ACT15_M_16238",4.3005406929
"ACT15_M_16239",4.3014468153
"ACT15_M_16240",5.7990218917
"ACT15_M_16241",5.7990218917
"ACT15_M_16242",3.8726523155
"ACT15_M_16243",6.3813247750
"ACT15_M_16244",6.3813247750
"ACT15_M_16245",7.9244270208
"ACT15_M_16246",5.0813126750
"ACT15_M_16247",5.3282021250
"ACT15_M_16248",6.2033449458
"ACT15_M_16249",5.3104008250
"ACT15_M_16250",6.7113370949
"ACT15_M_16251",6.7113370949
"ACT15_M_16252",6.7467640292
"ACT15_M_16253",6.7467640292
"ACT15_M_16254",7.7914288750
"ACT15_M_16255",7.4302792083
"ACT15_M_16256",5.7365399854
"ACT15_M_16257",5.6988004667
"ACT15_M_16258",7.9249943583
"ACT15_M_16259",8.3232653000
"ACT15_M_16260",8.3021325417
"ACT15_M_16261",4.6677639583
"ACT15_M_16262",7.3935957500
"ACT15_M_16263",4.5947207500
"ACT15_M_16264",7.5163798333
"ACT15_M_16265",8.4287388000
"ACT15_M_16266",8.6574715583
"ACT15_M_16267",6.9654888125
"ACT15_M_16268",8.0159658542
"ACT15_M_16269",4.9153399597
"ACT15_M_16270",7.7110767500
"ACT15_M_16271",5.2179075000
"ACT15_M_16272",5.2364135000
"ACT15_M_16273",4.7365374583
"ACT15_M_16274",7.4796120250
"ACT15_M_16275",6.1974855583
"ACT15_M_16276",7.3207133333
"ACT15_M_16277",7.1250482812
"ACT15_M_16278",7.2069434583
"ACT15_M_16279",8.2096172917
"ACT15_M_16280",7.0254183333
"ACT15_M_16281",4.4952245000
"ACT15_M_16282",7.5755952708
"ACT15_M_16283",6.2685107250
"ACT15_M_16284",5.9023221500
"ACT15_M_16285",5.4218119417
"ACT15_M_16286",7.9966370000
"ACT15_M_16287",6.4581135738
"ACT15_M_16288",7.6951799369
"ACT15_M_16289",5.2585398125
"ACT15_M_16290",5.8478031000
"ACT15_M_16291",4.5033312083
"ACT15_M_16292",4.5614068333
"ACT15_M_16293",6.4671662417
"ACT15_M_16294",4.9320882500
"ACT15_M_16295",4.4831668333
"ACT15_M_16296",8.2334225250
"ACT15_M_16297",8.5534316542
"ACT15_M_16298",5.2969057000
"ACT15_M_16299",4.1831287649
"ACT15_M_16300",5.6439115500
"ACT15_M_16301",6.0468921042
"ACT15_M_16302",5.0265061250
"ACT15_M_16303",7.4600893929
"ACT15_M_16304",5.9841959792
"ACT15_M_16305",6.3083746625
"ACT15_M_16306",5.6988004667
"ACT15_M_16307",6.3083746625
"ACT15_M_16308",7.3814366500
"ACT15_M_16309",7.3201258542
"ACT15_M_16310",7.8564552958
"ACT15_M_16311",4.5915128333
"ACT15_M_16312",4.6716540083
"ACT15_M_16313",4.2116162500
"ACT15_M_16314",4.4329759167
"ACT15_M_16315",5.6785813167
"ACT15_M_16316",5.0377202107
"ACT15_M_16317",6.0891211625
"ACT15_M_16318",4.1828764583
"ACT15_M_16319",4.3127578750
"ACT15_M_16320",7.0558811375
"ACT15_M_16321",5.9906807119
"ACT15_M_16322",5.6651197744
"ACT15_M_16323",5.2358060625
"ACT15_M_16324",4.7752126333
"ACT15_M_16325",5.8501813000
"ACT15_M_16326",4.7774074333
"ACT15_M_16327",4.9302212603
"ACT15_M_16328",6.0231527500
"ACT15_M_16329",5.8401542542
"ACT15_M_16330",5.7728196071
"ACT15_M_16331",4.4999717415
"ACT15_M_16332",5.1075612083
"ACT15_M_16333",4.2975661403
"ACT15_M_16334",7.6465001042
"ACT15_M_16335",5.7029682917
"ACT15_M_16336",5.4815994500
"ACT15_M_16337",5.0300382875
"ACT15_M_16338",5.6299352018
"ACT15_M_16339",6.2004512500
"ACT15_M_16340",6.2004512500
"ACT15_M_16341",5.7045973042
"ACT15_M_16342",6.3059661500
"ACT15_M_16343",5.5754902036
"ACT15_M_16344",6.2792239375
"ACT15_M_16345",6.8032343583
"ACT15_M_16346",5.2204214625
"ACT15_M_16347",7.2970225208
"ACT15_M_16348",5.5886130833
"ACT15_M_16349",4.2477890149
"ACT15_M_16350",4.4705688000
"ACT15_M_16351",5.9841959792
"ACT15_M_16352",5.9841959792
"ACT15_M_16353",7.6988565000
"ACT15_M_16354",7.2841694083
"ACT15_M_16355",7.4316549583
"ACT15_M_16356",6.6660585625
"ACT15_M_16357",5.3677842292
"ACT15_M_16358",5.4229967500
"ACT15_M_16359",8.0123360292
"ACT15_M_16360",4.5841416667
"ACT15_M_16361",4.5529795583
"ACT15_M_16362",6.6257323333
"ACT15_M_16363",4.3720756250
"ACT15_M_16364",5.6621620536
"ACT15_M_16365",5.0230871250
"ACT15_M_16366",8.4909556458
"ACT15_M_16367",5.8830641905
"ACT15_M_16368",6.7224408125
"ACT15_M_16369",6.6527360208
"ACT15_M_16370",4.4965340000
"ACT15_M_16371",6.1245089167
"ACT15_M_16372",5.7371682417
"ACT15_M_16373",6.2519597083
"ACT15_M_16374",4.7238890500
"ACT15_M_16375",6.2519597083
"ACT15_M_16376",5.5191195554
"ACT15_M_16377",6.5118032500
"ACT15_M_16378",6.6364559167
"ACT15_M_16379",7.6421830417
"ACT15_M_16380",6.7649717042
"ACT15_M_16381",5.1207665000
"ACT15_M_16382",5.4231944667
"ACT15_M_16383",5.9005391452
"ACT15_M_16384",5.5803677649
"ACT15_M_16385",5.0411237500
"ACT15_M_16386",6.5657204750
"ACT15_M_16387",4.2019006500
"ACT15_M_16388",4.5737205208
"ACT15_M_16389",4.4765186667
"ACT15_M_16390",5.1209775917
"ACT15_M_16391",5.0408938833
"ACT15_M_16392",4.4106115000
"ACT15_M_16393",5.1268715000
"ACT15_M_16394",5.3726968875
"ACT15_M_16395",5.1339574306
"ACT15_M_16396",7.1526205500
"ACT15_M_16397",5.2929271250
"ACT15_M_16398",5.8261005000
"ACT15_M_16399",5.0797520417
"ACT15_M_16400",6.2676902708
"ACT15_M_16401",5.9083416125
"ACT15_M_16402",5.4467847500
"ACT15_M_16403",5.1868450228
"ACT15_M_16404",5.0722885167
"ACT15_M_16405",5.1787126958
"ACT15_M_16406",5.5179133958
"ACT15_M_16407",4.2521429375
"ACT15_M_16408",6.6364559167
"ACT15_M_16409",4.3680929167
"ACT15_M_16410",7.8395427708
"ACT15_M_16411",6.0861093271
"ACT15_M_16412",6.1960551625
"ACT15_M_16413",6.1960551625
"ACT15_M_16414",4.0486516855
"ACT15_M_16415",5.0421518000
"ACT15_M_16416",5.1166527375
"ACT15_M_16417",5.4327329167
"ACT15_M_16418",4.0456072278
"ACT15_M_16419",3.8163213607
"ACT15_M_16420",5.2492264167
"ACT15_M_16421",6.5481966250
"ACT15_M_16422",6.8602620417
"ACT15_M_16423",6.2859861958
"ACT15_M_16424",6.9046557250
"ACT15_M_16425",5.5170205375
"ACT15_M_16426",7.0738037292
"ACT15_M_16427",5.5566537917
"ACT15_M_16428",7.2392803500
"ACT15_M_16429",4.1988549843
"ACT15_M_16430",4.2315043917
"ACT15_M_16431",4.3633507917
"ACT15_M_16432",4.4815309143
"ACT15_M_16433",6.6269728167
"ACT15_M_16434",6.6269728167
"ACT15_M_16435",4.6702327375
"ACT15_M_16436",4.4743530167
"ACT15_M_16437",6.2266388958
"ACT15_M_16438",8.3037383542
"ACT15_M_16439",5.4739309125
"ACT15_M_16440",4.2433920542
"ACT15_M_16441",4.1949316667
"ACT15_M_16442",5.4768000833
"ACT15_M_16443",5.3995763958
"ACT15_M_16444",7.6313101333
"ACT15_M_16445",4.8331697500
"ACT15_M_16446",4.5446270333
"ACT15_M_16447",4.3810674690
"ACT15_M_16448",6.5812381506
"ACT15_M_16449",7.0917179792
"ACT15_M_16450",7.5477303083
"ACT15_M_16451",6.9243637500
"ACT15_M_16452",6.9243637500
"ACT15_M_16453",5.7765236250
"ACT15_M_16454",6.9960025958
"ACT15_M_16455",5.8028432661
"ACT15_M_16456",5.7461674792
"ACT15_M_16457",7.2801151667
"ACT15_M_16458",6.4516997208
"ACT15_M_16459",7.1303560833
"ACT15_M_16460",6.3301798750
"ACT15_M_16461",4.9422583222
"ACT15_M_16462",4.2528361458
"ACT15_M_16463",4.8437440500
"ACT15_M_16464",7.3900858750
"ACT15_M_16465",5.9153463833
"ACT15_M_16466",6.4757202500
"ACT15_M_16467",5.6377090167
"ACT15_M_16468",4.3040084167
"ACT15_M_16469",5.6231297542
"ACT15_M_16470",6.0218003750
"ACT15_M_16471",5.6566490833
"ACT15_M_16472",6.1263259167
"ACT15_M_16473",4.5544350000
"ACT15_M_16474",5.2929455000
"ACT15_M_16475",6.1558421458
"ACT15_M_16476",6.1286932500
"ACT15_M_16477",5.9319265625
"ACT15_M_16478",6.1302960750
"ACT15_M_16479",6.3187873542
"ACT15_M_16480",5.9372276827
"ACT15_M_16481",5.7471284875
"ACT15_M_16482",6.1994204375
"ACT15_M_16483",4.4973142125
"ACT15_M_16484",5.3293862083
"ACT15_M_16485",6.1061824250
"ACT15_M_16486",4.6780582500
"ACT15_M_16487",5.0341772500
"ACT15_M_16488",6.1061824250
"ACT15_M_16489",5.5356527750
"ACT15_M_16490",7.6224057333
"ACT15_M_16491",5.1330167750
"ACT15_M_16492",4.8825606250
"ACT15_M_16493",5.1100721500
"ACT15_M_16494",4.3786815500
"ACT15_M_16495",4.3151951958
"ACT15_M_16496",6.9563452813
"ACT15_M_16497",4.7237488500
"ACT15_M_16498",4.5281978056
"ACT15_M_16499",5.7515864000
"ACT15_M_16500",5.2500102500
"ACT15_M_16501",5.2703119417
"ACT15_M_16502",5.7701992500
"ACT15_M_16503",4.1965368667
"ACT15_M_16504",6.6104848167
"ACT15_M_16505",4.4153831667
"ACT15_M_16506",4.5570442212
"ACT15_M_16507",7.1161665625
"ACT15_M_16508",4.9512154042
"ACT15_M_16509",5.3473905833
"ACT15_M_16510",4.9471947014
"ACT15_M_16511",4.5836773458
"ACT15_M_16512",5.1933548542
"ACT15_M_16513",5.5151627500
"ACT15_M_16514",5.6642497292
"ACT15_M_16515",6.2346819500
"ACT15_M_16516",5.4028746667
"ACT15_M_16517",4.8634198750
"ACT15_M_16518",4.3466794167
"ACT15_M_16519",5.4781269750
"ACT15_M_16520",4.4620278083
"ACT15_M_16521",5.3383009597
"ACT15_M_16522",4.5806405917
"ACT15_M_16523",5.3383009597
"ACT15_M_16524",4.5806405917
"ACT15_M_16525",6.5025733458
"ACT15_M_16526",4.5135781000
"ACT15_M_16527",6.7297340750
"ACT15_M_16528",6.2723301250
"ACT15_M_16529",5.3641561667
"ACT15_M_16530",4.6345678167
"ACT15_M_16531",6.7051802792
"ACT15_M_16532",6.7051802792
"ACT15_M_16533",7.7660819167
"ACT15_M_16534",6.7231918250
"ACT15_M_16535",6.7231918250
"ACT15_M_16536",6.3507911667
"ACT15_M_16537",5.4108531250
"ACT15_M_16538",4.9454216250
"ACT15_M_16539",4.7415927917
"ACT15_M_16540",5.9303629500
"ACT15_M_16541",8.1508189833
"ACT15_M_16542",5.8544587917
"ACT15_M_16543",4.0276206833
"ACT15_M_16544",8.7170940167
"ACT15_M_16545",5.3715082125
"ACT15_M_16546",3.8016831208
"ACT15_M_16547",4.1464102917
"ACT15_M_16548",8.5543180167
"ACT15_M_16549",5.4615630583
"ACT15_M_16550",5.3641491083
"ACT15_M_16551",4.1485210597
"ACT15_M_16552",4.3437416083
"ACT15_M_16553",4.3489214064
"ACT15_M_16554",4.2042967917
"ACT15_M_16555",5.0435990455
"ACT15_M_16556",4.5437058500
"ACT15_M_16557",4.3142967167
"ACT15_M_16558",4.6796629260
"ACT15_M_16559",4.3535961833
"ACT15_M_16560",6.3764407083
"ACT15_M_16561",6.3764407083
"ACT15_M_16562",5.4836399500
"ACT15_M_16563",4.0464255000
"ACT15_M_16564",7.1161665625
"ACT15_M_16565",7.1161665625
"ACT15_M_16566",7.1161665625
"ACT15_M_16567",4.2687543264
"ACT15_M_16568",7.3831556000
"ACT15_M_16569",7.4526372083
"ACT15_M_16570",5.2139634583
"ACT15_M_16571",5.2627345000
"ACT15_M_16572",7.3437366208
"ACT15_M_16573",6.4658640833
"ACT15_M_16574",6.3852204625
"ACT15_M_16575",8.0423580458
"ACT15_M_16576",6.9375809982
"ACT15_M_16577",7.5889871577
"ACT15_M_16578",3.4440905125
"ACT15_M_16579",6.7872400625
"ACT15_M_16580",6.7872400625
"ACT15_M_16581",5.9148196780
"ACT15_M_16582",6.4327961167
"ACT15_M_16583",7.3831556000
"ACT15_M_16584",7.3831556000
"ACT15_M_16585",7.3437366208
"ACT15_M_16586",7.3437366208
"ACT15_M_16587",5.1010350750
"ACT15_M_16588",5.0845355530
"ACT15_M_16589",4.9515357975
"ACT15_M_16590",4.7921551125
"ACT15_M_16591",4.9103667097
"ACT15_M_16592",4.7321635000
"ACT15_M_16593",5.3244989083
"ACT15_M_16594",4.2393125000
"ACT15_M_16595",4.3596180000
"ACT15_M_16596",5.8938243000
"ACT15_M_16597",5.3513121167
"ACT15_M_16598",5.1308064615
"ACT15_M_16599",5.2988117687
"ACT15_M_16600",4.4051376667
"ACT15_M_16601",4.9569861250
"ACT15_M_16602",6.5155484625
"ACT15_M_16603",5.1262591583
"ACT15_M_16604",5.0588668750
"ACT15_M_16605",7.4626313167
"ACT15_M_16606",4.8839539583
"ACT15_M_16607",5.2339041589
"ACT15_M_16608",4.7740197500
"ACT15_M_16609",6.9423102292
"ACT15_M_16610",6.8348203750
"ACT15_M_16611",6.8348203750
"ACT15_M_16612",6.2885453208
"ACT15_M_16613",7.3957810583
"ACT15_M_16614",7.5793327500
"ACT15_M_16615",6.2885453208
"ACT15_M_16616",4.4107305625
"ACT15_M_16617",7.7942365000
"ACT15_M_16618",6.8026748333
"ACT15_M_16619",7.2652552667
"ACT15_M_16620",6.8186533661
"ACT15_M_16621",5.7225470458
"ACT15_M_16622",4.3675951125
"ACT15_M_16623",4.2550717500
"ACT15_M_16624",4.4674100881
"ACT15_M_16625",4.5265401833
"ACT15_M_16626",6.1498643333
"ACT15_M_16627",7.2423321417
"ACT15_M_16628",8.1528410250
"ACT15_M_16629",5.7503831875
"ACT15_M_16630",6.9375809982
"ACT15_M_16631",6.9375809982
"ACT15_M_16632",4.3056490833
"ACT15_M_16633",5.7503831875
"ACT15_M_16634",4.6415568333
"ACT15_M_16635",4.5184733476
"ACT15_M_16636",6.3632295625
"ACT15_M_16637",4.5407275000
"ACT15_M_16638",4.1485917292
"ACT15_M_16639",4.3943937917
"ACT15_M_16640",5.4783375750
"ACT15_M_16641",4.6327026514
"ACT15_M_16642",7.1800230833
"ACT15_M_16643",6.9864055336
"ACT15_M_16644",4.3377167250
"ACT15_M_16645",4.8065748750
"ACT15_M_16646",5.3195585708
"ACT15_M_16647",6.4705617917
"ACT15_M_16648",6.0854935167
"ACT15_M_16649",6.0854935167
"ACT15_M_16650",4.9449958000
"ACT15_M_16651",4.0912543500
"ACT15_M_16652",4.7396133500
"ACT15_M_16653",4.5802362347
"ACT15_M_16654",5.0213405292
"ACT15_M_16655",6.5923772917
"ACT15_M_16656",5.5406883095
"ACT15_M_16657",5.2930457083
"ACT15_M_16658",7.0601055250
"ACT15_M_16659",4.7401285833
"ACT15_M_16660",4.3610211627
"ACT15_M_16661",6.0979756458
"ACT15_M_16662",6.5693737708
"ACT15_M_16663",5.2429058139
"ACT15_M_16664",4.7144277500
"ACT15_M_16665",6.6557620750
"ACT15_M_16666",6.7375384458
"ACT15_M_16667",6.7375384458
"ACT15_M_16668",4.4524106506
"ACT15_M_16669",6.5923772917
"ACT15_M_16670",4.4413255256
"ACT15_M_16671",6.0090967958
"ACT15_M_16672",5.3759047500
"ACT15_M_16673",5.3759047500
"ACT15_M_16674",4.9892054583
"ACT15_M_16675",5.2557984625
"ACT15_M_16676",5.2366398750
"ACT15_M_16677",5.5053807333
"ACT15_M_16678",4.4521761006
"ACT15_M_16679",4.4747379167
"ACT15_M_16680",4.5030287500
"ACT15_M_16681",4.4402619000
"ACT15_M_16682",6.1916393542
"ACT15_M_16683",6.1916393542
"ACT15_M_16684",7.2428837083
"ACT15_M_16685",6.3232824167
"ACT15_M_16686",6.6467075000
"ACT15_M_16687",4.4433013750
"ACT15_M_16688",5.2573535333
"ACT15_M_16689",4.9149804722
"ACT15_M_16690",6.3139061429
"ACT15_M_16691",6.9872157670
"ACT15_M_16692",6.8348203750
"ACT15_M_16693",5.6603770333
"ACT15_M_16694",5.6603770333
"ACT15_M_16695",4.4723872500
"ACT15_M_16696",5.7194906500
"ACT15_M_16697",6.8522970917
"ACT15_M_16698",5.9335165000
"ACT15_M_16699",5.6603770333
"ACT15_M_16700",5.3759047500
"ACT15_M_16701",7.0652511458
"ACT15_M_16702",5.8397785250
"ACT15_M_16703",5.3489901583
"ACT15_M_16704",4.4056389375
"ACT15_M_16705",4.4056389375
"ACT15_M_16706",7.5021695000
"ACT15_M_16707",6.6632530625
"ACT15_M_16708",6.6632530625
"ACT15_M_16709",5.7903337500
"ACT15_M_16710",4.8086553875
"ACT15_M_16711",4.9666294167
"ACT15_M_16712",4.3189527333
"ACT15_M_16713",6.4488266986
"ACT15_M_16714",6.1169928583
"ACT15_M_16715",5.7910491625
"ACT15_M_16716",6.2883437018
"ACT15_M_16717",6.2812080417
"ACT15_M_16718",6.5480920417
"ACT15_M_16719",5.8107600667
"ACT15_M_16720",4.3192951794
"ACT15_M_16721",4.3057665036
"ACT15_M_16722",4.3352156000
"ACT15_M_16723",6.1686587500
"ACT15_M_16724",6.2645409833
"ACT15_M_16725",4.3666243583
"ACT15_M_16726",4.4354391333
"ACT15_M_16727",7.0828960333
"ACT15_M_16728",7.3607933875
"ACT15_M_16729",7.3607933875
"ACT15_M_16730",4.4549139567
"ACT15_M_16731",6.0387217083
"ACT15_M_16732",6.4930393583
"ACT15_M_16733",9.5751761125
"ACT15_M_16734",6.0292091208
"ACT15_M_16735",6.0292091208
"ACT15_M_16736",5.6550088542
"ACT15_M_16737",4.9957493750
"ACT15_M_16738",4.1269340062
"ACT15_M_16739",4.0387134226
"ACT15_M_16740",4.6183653000
"ACT15_M_16741",6.3212404167
"ACT15_M_16742",4.2771865310
"ACT15_M_16743",4.2708040000
"ACT15_M_16744",6.5478008667
"ACT15_M_16745",7.5130580708
"ACT15_M_16746",6.6609089542
"ACT15_M_16747",5.9550946875
"ACT15_M_16748",5.9550946875
"ACT15_M_16749",6.3866415417
"ACT15_M_16750",6.4443398542
"ACT15_M_16751",5.9830630417
"ACT15_M_16752",6.4248888000
"ACT15_M_16753",4.2727408333
"ACT15_M_16754",6.3663315000
"ACT15_M_16755",4.2885070833
"ACT15_M_16756",5.7048380861
"ACT15_M_16757",4.2582720952
"ACT15_M_16758",5.2842508722
"ACT15_M_16759",4.5544821125
"ACT15_M_16760",4.3529913083
"ACT15_M_16761",6.5139332917
"ACT15_M_16762",6.5139332917
"ACT15_M_16763",6.5478008667
"ACT15_M_16764",6.5478008667
"ACT15_M_16765",6.8788094833
"ACT15_M_16766",7.1286738917
"ACT15_M_16767",7.1286738917
"ACT15_M_16768",4.7049995000
"ACT15_M_16769",6.8564537833
"ACT15_M_16770",6.3284659833
"ACT15_M_16771",4.2586261143
"ACT15_M_16772",5.5518786000
"ACT15_M_16773",6.8647646601
"ACT15_M_16774",4.8018070248
"ACT15_M_16775",7.0766495333
"ACT15_M_16776",7.0766495333
"ACT15_M_16777",5.2736197500
"ACT15_M_16778",7.0273990923
"ACT15_M_16779",7.6072188405
"ACT15_M_16780",7.6072188405
"ACT15_M_16781",5.6051131875
"ACT15_M_16782",7.1824492583
"ACT15_M_16783",5.3284114089
"ACT15_M_16784",6.4805040000
"ACT15_M_16785",6.3025243833
"ACT15_M_16786",7.0273990923
"ACT15_M_16787",4.4920937619
"ACT15_M_16788",6.9041795625
"ACT15_M_16789",5.0346951500
"ACT15_M_16790",4.9010535000
"ACT15_M_16791",6.6557620750
"ACT15_M_16792",5.3906645417
"ACT15_M_16793",6.2264656726
"ACT15_M_16794",6.5152534167
"ACT15_M_16795",6.5152534167
"ACT15_M_16796",5.2276702472
"ACT15_M_16797",6.4583993750
"ACT15_M_16798",5.8324553899
"ACT15_M_16799",5.8324553899
"ACT15_M_16800",6.1243074375
"ACT15_M_16801",4.8086553875
"ACT15_M_16802",4.8086553875
"ACT15_M_16803",6.5002041708
"ACT15_M_16804",6.6731099833
"ACT15_M_16805",6.6731099833
"ACT15_M_16806",5.1550484401
"ACT15_M_16807",4.4951298333
"ACT15_M_16808",6.5799766667
"ACT15_M_16809",4.7619175971
"ACT15_M_16810",5.5378830417
"ACT15_M_16811",7.1105908500
"ACT15_M_16812",4.3826447157
"ACT15_M_16813",4.9798503750
"ACT15_M_16814",4.9968526875
"ACT15_M_16815",5.0526224375
"ACT15_M_16816",6.0145865000
"ACT15_M_16817",6.5799766667
"ACT15_M_16818",5.3969934375
"ACT15_M_16819",4.4041396550
"ACT15_M_16820",4.5807556833
"ACT15_M_16821",6.2412106042
"ACT15_M_16822",6.1133706667
"ACT15_M_16823",5.1197594625
"ACT15_M_16824",6.1133706667
"ACT15_M_16825",6.0464202500
"ACT15_M_16826",6.2989332125
"ACT15_M_16827",5.2252428000
"ACT15_M_16828",5.3867750000
"ACT15_M_16829",5.7789723917
"ACT15_M_16830",7.1221772792
"ACT15_M_16831",7.1221772792
"ACT15_M_16832",6.3569504167
"ACT15_M_16833",6.4001215685
"ACT15_M_16834",6.4001215685
"ACT15_M_16835",4.8940432500
"ACT15_M_16836",4.9315614792
"ACT15_M_16837",5.4596738982
"ACT15_M_16838",7.1474294417
"ACT15_M_16839",7.1474294417
"ACT15_M_16840",7.1474294417
"ACT15_M_16841",7.0775952125
"ACT15_M_16842",5.1377601500
"ACT15_M_16843",4.5842473333
"ACT15_M_16844",7.1105908500
"ACT15_M_16845",5.1517844375
"ACT15_M_16846",5.1384075625
"ACT15_M_16847",4.9616782500
"ACT15_M_16848",4.7041780060
"ACT15_M_16849",4.8876609881
"ACT15_M_16850",5.6510236667
"ACT15_M_16851",6.7898544167
"ACT15_M_16852",6.7898544167
"ACT15_M_16853",6.8843350083
"ACT15_M_16854",6.8843350083
"ACT15_M_16855",7.4192692083
"ACT15_M_16856",6.7202647542
"ACT15_M_16857",6.7202647542
"ACT15_M_16858",6.6897612750
"ACT15_M_16859",6.7898544167
"ACT15_M_16860",4.3871652583
"ACT15_M_16861",4.4306666714
"ACT15_M_16862",5.5073343643
"ACT15_M_16863",6.7741579750
"ACT15_M_16864",5.5972474339
"ACT15_M_16865",6.0685943333
"ACT15_M_16866",6.6191159458
"ACT15_M_16867",6.6367798292
"ACT15_M_16868",6.7898544167
"ACT15_M_16869",7.5081420417
"ACT15_M_16870",7.5081420417
"ACT15_M_16871",7.1090789167
"ACT15_M_16872",5.9021050000
"ACT15_M_16873",6.0746268125
"ACT15_M_16874",7.2371598125
"ACT15_M_16875",7.2371598125
"ACT15_M_16876",6.5615779970
"ACT15_M_16877",6.2701339167
"ACT15_M_16878",6.4834076542
"ACT15_M_16879",6.8830871083
"ACT15_M_16880",6.8830871083
"ACT15_M_16881",4.9887689722
"ACT15_M_16882",5.1952618722
"ACT15_M_16883",4.8320544792
"ACT15_M_16884",5.4023664083
"ACT15_M_16885",5.0131208472
"ACT15_M_16886",6.0112219000
"ACT15_M_16887",4.3990811250
"ACT15_M_16888",5.0452299764
"ACT15_M_16889",6.2821396875
"ACT15_M_16890",5.6750497000
"ACT15_M_16891",5.6353958792
"ACT15_M_16892",6.5641498583
"ACT15_M_16893",6.5641498583
"ACT15_M_16894",7.2000525000
"ACT15_M_16895",5.5754406042
"ACT15_M_16896",7.1489410833
"ACT15_M_16897",4.9205779258
"ACT15_M_16898",5.7622621417
"ACT15_M_16899",5.7622621417
"ACT15_M_16900",4.7746788750
"ACT15_M_16901",4.2252078917
"ACT15_M_16902",6.3569504167
"ACT15_M_16903",6.8963743750
"ACT15_M_16904",6.8963743750
"ACT15_M_16905",5.8686078500
"ACT15_M_16906",6.2030807292
"ACT15_M_16907",4.8481454830
"ACT15_M_16908",7.5247280000
"ACT15_M_16909",5.4777904250
"ACT15_M_16910",5.1474935972
"ACT15_M_16911",4.6686003611
"ACT15_M_16912",5.6682213750
"ACT15_M_16913",5.6682213750
"ACT15_M_16914",4.6223051196
"ACT15_M_16915",4.9216010083
"ACT15_M_16916",5.4341069833
"ACT15_M_16917",4.6461586250
"ACT15_M_16918",4.7692109667
"ACT15_M_16919",4.3478634000
"ACT15_M_16920",4.1038252321
"ACT15_M_16921",4.5754791357
"ACT15_M_16922",4.5438646476
"ACT15_M_16923",5.1839554917
"ACT15_M_16924",4.8841169996
"ACT15_M_16925",4.7952120444
"ACT15_M_16926",4.4367700198
"ACT15_M_16927",6.6274002917
"ACT15_M_16928",5.6041397750
"ACT15_M_16929",6.0092282750
"ACT15_M_16930",5.7560896458
"ACT15_M_16931",5.2609365542
"ACT15_M_16932",6.5271884354
"ACT15_M_16933",6.6473053833
"ACT15_M_16934",6.2439328417
"ACT15_M_16935",5.7666881250
"ACT15_M_16936",6.2397531333
"ACT15_M_16937",6.6463315083
"ACT15_M_16938",4.3542531667
"ACT15_M_16939",5.4701425000
"ACT15_M_16940",5.5564480125
"ACT15_M_16941",6.3525938750
"ACT15_M_16942",4.9796825625
"ACT15_M_16943",7.1474197000
"ACT15_M_16944",6.4960605708
"ACT15_M_16945",6.2364961250
"ACT15_M_16946",4.5896359583
"ACT15_M_16947",6.6173682125
"ACT15_M_16948",6.8705112250
"ACT15_M_16949",4.4526592500
"ACT15_M_16950",6.3232824167
"ACT15_M_16951",6.3232824167
"ACT15_M_16952",6.7867936417
"ACT15_M_16953",5.9639683292
"ACT15_M_16954",6.3156028750
"ACT15_M_16955",5.0224897365
"ACT15_M_16956",4.9051719722
"ACT15_M_16957",5.0273014643
"ACT15_M_16958",4.8462511250
"ACT15_M_16959",6.3227608792
"ACT15_M_16960",4.2340868917
"ACT15_M_16961",4.3211015708
"ACT15_M_16962",4.3447169889
"ACT15_M_16963",4.1544019357
"ACT15_M_16964",4.3225203500
"ACT15_M_16965",6.2259103208
"ACT15_M_16966",4.5139482167
"ACT15_M_16967",4.9328280250
"ACT15_M_16968",5.3275815306
"ACT15_M_16969",4.6722015000
"ACT15_M_16970",7.2315858542
"ACT15_M_16971",6.9338609125
"ACT15_M_16972",5.9927578958
"ACT15_M_16973",6.9590532917
"ACT15_M_16974",4.8902030097
"ACT15_M_16975",5.0227348250
"ACT15_M_16976",5.9781460875
"ACT15_M_16977",4.4188861944
"ACT15_M_16978",4.3762205917
"ACT15_M_16979",4.8248134260
"ACT15_M_16980",4.1722862000
"ACT15_M_16981",4.7347812796
"ACT15_M_16982",4.4087335738
"ACT15_M_16983",4.4523368869
"ACT15_M_16984",6.9442217875
"ACT15_M_16985",4.7244048000
"ACT15_M_16986",5.1287386250
"ACT15_M_16987",5.6455257472
"ACT15_M_16988",4.9461462500
"ACT15_M_16989",5.9959768333
"ACT15_M_16990",4.3610403292
"ACT15_M_16991",4.2693884163
"ACT15_M_16992",4.2472303008
"ACT15_M_16993",4.1168456042
"ACT15_M_16994",4.5888910103
"ACT15_M_16995",4.9447171262
"ACT15_M_16996",4.7890986222
"ACT15_M_16997",5.3287027768
"ACT15_M_16998",4.4549385300
"ACT15_M_16999",5.7711866667
"ACT15_M_17000",5.1091741250
"ACT15_M_17001",5.4355586250
"ACT15_M_17002",5.3287027768
"ACT15_M_17003",4.1923051069
"ACT15_M_17004",5.3016108833
"ACT15_M_17005",5.0211973625
"ACT15_M_17006",5.3853222667
"ACT15_M_17007",5.1925952333
"ACT15_M_17008",4.4589106131
"ACT15_M_17009",6.2893735933
"ACT15_M_17010",5.0749755475
"ACT15_M_17011",5.6347973250
"ACT15_M_17012",5.5972474339
"ACT15_M_17013",6.9835671944
"ACT15_M_17014",6.7530876286
"ACT15_M_17015",5.9781460875
"ACT15_M_17016",5.1947085833
"ACT15_M_17017",5.4111324750
"ACT15_M_17018",4.4951143600
"ACT15_M_17019",4.7560048280
"ACT15_M_17020",4.8164751972
"ACT15_M_17021",4.2567373226
"ACT15_M_17022",5.4267270833
"ACT15_M_17023",5.2573852500
"ACT15_M_17024",4.7485353500
"ACT15_M_17025",6.7964977083
"ACT15_M_17026",6.0842420208
"ACT15_M_17027",5.6261454042
"ACT15_M_17028",5.5680950042
"ACT15_M_17029",6.2733479583
"ACT15_M_17030",6.2733479583
"ACT15_M_17031",5.7137334500
"ACT15_M_17032",5.5975496875
"ACT15_M_17033",4.2693577083
"ACT15_M_17034",4.7038623538
"ACT15_M_17035",4.7135306974
"ACT15_M_17036",4.6568800637
"ACT15_M_17037",5.4095211905
"ACT15_M_17038",5.4830055214
"ACT15_M_17039",5.2423080990
"ACT15_M_17040",4.5064186569
"ACT15_M_17041",6.7964977083
"ACT15_M_17042",4.6944319542
"ACT15_M_17043",5.2753184167
"ACT15_M_17044",6.2556113786
"ACT15_M_17045",5.3912185722
"ACT15_M_17046",4.9300454736
"ACT15_M_17047",5.7009516250
"ACT15_M_17048",6.2019295250
"ACT15_M_17049",5.5567188750
"ACT15_M_17050",6.6938830667
"ACT15_M_17051",4.8313484583
"ACT15_M_17052",4.6477878609
"ACT15_M_17053",5.3284012500
"ACT15_M_17054",5.3539350250
"ACT15_M_17055",4.6989863042
"ACT15_M_17056",6.0115223167
"ACT15_M_17057",6.1295270417
"ACT15_M_17058",6.1295270417
"ACT15_M_17059",6.2556113786
"ACT15_M_17060",6.0778850792
"ACT15_M_17061",6.5789143000
"ACT15_M_17062",6.0822638646
"ACT15_M_17063",6.0778850792
"ACT15_M_17064",4.4897219403
"ACT15_M_17065",6.7061223417
"ACT15_M_17066",6.1849924792
"ACT15_M_17067",6.1849924792
"ACT15_M_17068",6.0348911417
"ACT15_M_17069",6.0348911417
"ACT15_M_17070",4.7444175972
"ACT15_M_17071",4.4497175923
"ACT15_M_17072",6.9592911548
"ACT15_M_17073",6.8793858274
"ACT15_M_17074",6.9592911548
"ACT15_M_17075",5.9959768333
"ACT15_M_17076",6.2566356750
"ACT15_M_17077",6.2566356750
"ACT15_M_17078",5.0692439722
"ACT15_M_17079",5.9889129375
"ACT15_M_17080",5.9889129375
"ACT15_M_17081",5.6022322768
"ACT15_M_17082",5.6022322768
"ACT15_M_17083",4.7202575000
"ACT15_M_17084",4.4277727500
"ACT15_M_17085",5.3295442000
"ACT15_M_17086",4.7540402500
"ACT15_M_17087",6.3848971667
"ACT15_M_17088",6.3848971667
"ACT15_M_17089",6.4250577917
"ACT15_M_17090",4.8428257222
"ACT15_M_17091",5.8354480506
"ACT15_M_17092",6.7064240333
"ACT15_M_17093",4.8995357214
"ACT15_M_17094",5.0156383222
"ACT15_M_17106",6.2382973333
"ACT15_M_17107",6.2382973333
"ACT15_M_17108",5.1042313083
"ACT15_M_17109",6.2064709833
"ACT15_M_17110",4.8846228472
"ACT15_M_17111",6.0633161875
"ACT15_M_17112",4.9461953556
"ACT15_M_17113",5.8716002952
"ACT15_M_17114",6.1598328185
"ACT15_M_17115",7.1769099375
"ACT15_M_17116",6.7464289542
"ACT15_M_17117",6.7000583917
"ACT15_M_17118",6.7865800208
"ACT15_M_17119",6.4691492708
"ACT15_M_17120",6.0776265500
"ACT15_M_17121",5.5111462500
"ACT15_M_17122",6.5270304583
"ACT15_M_17123",6.5270304583
"ACT15_M_17124",5.0804383500
"ACT15_M_17125",5.3437322917
"ACT15_M_17126",6.4070689286
"ACT15_M_17127",5.5941393708
"ACT15_M_17128",5.7076357208
"ACT15_M_17129",5.4193404643
"ACT15_M_17130",4.8185050000
"ACT15_M_17131",4.7712260222
"ACT15_M_17132",5.1459382375
"ACT15_M_17133",8.0857764500
"ACT15_M_17134",4.7015384583
"ACT15_M_17135",8.0857764500
"ACT15_M_17136",5.1081642042
"ACT15_M_17137",5.8544822625
"ACT15_M_17138",6.5804742560
"ACT15_M_17139",6.0597651583
"ACT15_M_17140",5.7906961500
"ACT15_M_17141",6.3768523125
"ACT15_M_17142",5.4143220833
"ACT15_M_17143",6.0746268125
"ACT15_M_17144",4.7546200000
"ACT15_M_17145",6.0746268125
"ACT15_M_17146",5.1135177500
"ACT15_M_17147",6.0013307625
"ACT15_M_17148",5.1870265500
"ACT15_M_17149",5.4581469024
"ACT15_M_17150",4.7921649488
"ACT15_M_17151",4.7199061712
"ACT15_M_17152",5.9021050000
"ACT15_M_17153",6.2415219417
"ACT15_M_17154",6.2415219417
"ACT15_M_17155",8.4272908292
"ACT15_M_17156",5.9021050000
"ACT15_M_17157",4.8209213472
"ACT15_M_17158",5.7851767500
"ACT15_M_17159",5.7851767500
"ACT15_M_17160",5.5941393708
"ACT15_M_17161",5.8245118485
"ACT15_M_17162",5.1284379306
"ACT15_M_17163",5.4032545190
"ACT15_M_17164",5.8098196000
"ACT15_M_17165",5.8098196000
"ACT15_M_17166",6.1781486333
"ACT15_M_17167",6.2514857083
"ACT15_M_17168",5.5571202792
"ACT15_M_17169",5.0344318333
"ACT15_M_17170",5.8620180833
"ACT15_M_17171",5.3701173417
"ACT15_M_17172",6.1120944000
"ACT15_M_17173",6.1120944000
"ACT15_M_17174",6.5905079750
"ACT15_M_17175",6.5905079750
"ACT15_M_17176",5.6349979247
"ACT15_M_17177",5.4161141222
"ACT15_M_17178",6.2514857083
"ACT15_M_17179",5.0488752389
"ACT15_M_17180",6.2685222917
"ACT15_M_17181",5.2245744722
"ACT15_M_17182",5.0734134091
"ACT15_M_17183",5.5538382667
"ACT15_M_17184",5.0381500000
"ACT15_M_17185",5.1144491250
"ACT15_M_17186",5.7214674738
"ACT15_M_17187",4.3042727500
"ACT15_M_17188",5.6831758167
"ACT15_M_17189",5.7973786042
"ACT15_M_17190",5.7214674738
"ACT15_M_17191",7.2406554583
"ACT15_M_17192",8.7316482625
"ACT15_M_17193",5.5807132750
"ACT15_M_17194",5.2591161250
"ACT15_M_17195",8.7005339750
"ACT15_M_17196",8.8340032167
"ACT15_M_17197",9.0351685875
"ACT15_M_17198",5.6104242500
"ACT15_M_17199",6.2164376875
"ACT15_M_17200",6.9455060347
"ACT15_M_17201",7.1112818583
"ACT15_M_17202",7.8931332708
"ACT15_M_17203",6.0058136083
"ACT15_M_17204",7.8425831042
"ACT15_M_17205",5.0650430000
"ACT15_M_17206",5.3441345000
"ACT15_M_17207",4.9439562000
"ACT15_M_17208",4.5986828750
"ACT15_M_17209",5.1733153250
"ACT15_M_17210",4.5085922292
"ACT15_M_17211",4.4816062292
"ACT15_M_17212",4.6253374792
"ACT15_M_17213",6.2713281875
"ACT15_M_17214",6.8638078125
"ACT15_M_17215",5.7450506958
"ACT15_M_17216",5.7450506958
"ACT15_M_17217",4.6477780625
"ACT15_M_17218",6.9331068208
"ACT15_M_17219",7.7650395000
"ACT15_M_17220",5.1878321437
"ACT15_M_17221",4.3830349583
"ACT15_M_17222",4.4104712143
"ACT15_M_17223",6.6935418542
"ACT15_M_17224",4.6285492500
"ACT15_M_17225",5.1270747500
"ACT15_M_17226",5.0202365625
"ACT15_M_17227",4.4575445417
"ACT15_M_17228",4.8193555833
"ACT15_M_17229",4.4313826750
"ACT15_M_17230",6.6935418542
"ACT15_M_17231",4.7127153958
"ACT15_M_17232",6.0049363417
"ACT15_M_17233",4.4942508667
"ACT15_M_17234",4.3649841000
"ACT15_M_17235",4.4314928542
"ACT15_M_17236",5.5022913542
"ACT15_M_17237",6.0794221667
"ACT15_M_17238",5.7012445375
"ACT15_M_17239",6.5310917500
"ACT15_M_17240",6.6476245042
"ACT15_M_17241",4.9661122250
"ACT15_M_17242",5.5983299625
"ACT15_M_17243",6.7230079583
"ACT15_M_17244",5.7012445375
"ACT15_M_17245",4.5624007641
"ACT15_M_17246",6.4199298750
"ACT15_M_17247",5.5756530000
"ACT15_M_17248",4.4944341667
"ACT15_M_17249",5.8559275994
"ACT15_M_17250",5.8559275994
"ACT15_M_17251",5.6905057250
"ACT15_M_17252",5.6905057250
"ACT15_M_17253",6.7340735875
"ACT15_M_17254",5.5551611417
"ACT15_M_17255",6.0553766667
"ACT15_M_17256",5.9947714708
"ACT15_M_17257",4.4477969917
"ACT15_M_17258",5.6911171619
"ACT15_M_17259",5.0425723169
"ACT15_M_17260",4.5080557500
"ACT15_M_17261",6.6499273875
"ACT15_M_17262",6.1770996333
"ACT15_M_17263",7.9591781786
"ACT15_M_17264",5.6911171619
"ACT15_M_17265",5.6911171619
"ACT15_M_17266",6.0553766667
"ACT15_M_17267",7.9873873167
"ACT15_M_17268",5.6083082750
"ACT15_M_17269",5.6083082750
"ACT15_M_17270",5.2164440417
"ACT15_M_17271",7.9174513036
"ACT15_M_17272",5.5631594167
"ACT15_M_17273",4.8708974375
"ACT15_M_17274",5.8476646250
"ACT15_M_17275",5.8178848792
"ACT15_M_17276",5.8178848792
"ACT15_M_17277",7.8177615833
"ACT15_M_17278",5.0218635000
"ACT15_M_17279",5.8716002952
"ACT15_M_17280",6.0600995000
"ACT15_M_17281",4.2512358333
"ACT15_M_17282",5.4683090750
"ACT15_M_17283",5.5592692500
"ACT15_M_17284",5.7732502083
"ACT15_M_17285",5.6666531667
"ACT15_M_17286",6.2248628958
"ACT15_M_17287",5.5160629667
"ACT15_M_17512",4.2805749792
